{
  "FLogNetwork": "7",
  "FFlagUseNewAnimationSystem": "False",
  "FFlagDebugDisableTelemetryEventIngest": "True",
  "FFlagTweenOptimizations": "True",
  "DFIntCSGLevelOfDetailSwitchingDistance": "0",
  "FFlagDebugSkyGray": "True",
  "DFFlagDebugPerfMode": "False",
  "DFFlagBrowserTrackerIdTelemetryEnabled": "False",
  "DFStringTelemetryV2Url": "null",
  "FFlagFixGraphicsQuality": "True",
  "FFlagEnableNewHeapSnapshots": "False",
  "FFlagNewNetworking": "False",
  "FFlagPreloadAllFonts": "False",
  "FStringGamesUrlPath": "/games/",
  "DFFlagDisableFastLogTelemetry": "True",
  "FFlagNewLightAttenuation": "True",
  "FFlagDebugGraphicsPreferD3D11": "True",
  "FFlagEnableTerrainFoliageOptimizations": "True",
  "FFlagDebugDisableTelemetryPoint": "True",
  "DFStringAltTelegrafHTTPTransportUrl": "null",
  "FFlagEnableHumanoidLuaSideCaching": "False",
  "DFFlagTextureQualityOverrideEnabled": "True",
  "DFIntCSGLevelOfDetailSwitchingDistanceL34": "0",
  "FFlagFastGPULightCulling3": "True",
  "FFlagEnableNewInput": "True",
  "FFlagCommitToGraphicsQualityFix": "True",
  "FFlagAnimatePhysics": "False",
  "FFlagSimIslandizerManager": "false",
  "FFlagDebugDisableTelemetryEphemeralCounter": "True",
  "FFlagDebugDisableTelemetryV2Stat": "True",
  "FFlagUseUnifiedRenderStepped": "False",
  "FFlagUseParticlesV2": "False",
  "DFIntCSGLevelOfDetailSwitchingDistanceL12": "0",
  "FFlagTaskSchedulerLimitTargetFpsTo2402": "False",
  "FFlagUseDeferredContext": "False",
  "FFlagOptimizeEmotes": "False",
  "DFStringLightstepToken": "null",
  "FFlagFixScalingModelRendering": "False",
  "DFIntNewRunningBaseAltitudeD": "45",
  "FFlagDebugDisableTelemetryV2Counter": "True",
  "DFIntClientLightingTechnologyChangedTelemetryHundredthsPercent": "0",
  "FFlagUseDynamicSun": "False",
  "DFFlagDebugPauseVoxelizer": "True",
  "DFStringTelegrafHTTPTransportUrl": "null",
  "DFStringRobloxAnalyticsURL": "null",
  "DFIntLightstepHTTPTransportHundredthsPercent2": "0",
  "DFStringLightstepHTTPTransportUrlHost": "null",
  "DFStringCrashUploadToBacktraceWindowsPlayerToken": "null",
  "FFlagEnableTerrainOptimizations": "True",
  "DFFlagDisableDPIScale": "True",
  "FFlagLuaAppSystemBar": "False",
  "FFlagFixMeshPartScaling": "False",
  "DFStringCrashUploadToBacktraceBaseUrl": "null",
  "DFStringCrashUploadToBacktraceMacPlayerToken": "null",
  "DFIntS2PhysicsSenderRate": "250",
  "DFIntTaskSchedulerTargetFps": "999999",
  "FFlagEnableLightAttachToPart": "False",
  "FFlagDebugDisableTelemetryEphemeralStat": "True",
  "FFlagDebugDisableTelemetryV2Event": "True",
  "FFlagAdServiceEnabled": "False",
  "DFIntCSGLevelOfDetailSwitchingDistanceL23": "0",
  "DFStringHttpPointsReporterUrl": "null",
  "FIntRenderShadowIntensity": "0",
  "FFlagDebugCrashReports": "False",
  "FStringCoreScriptBacktraceErrorUploadToken": "null",
  "FFlagDebugDisplayFPS": "False",
  "DFFlagEnableLightstepReporting2": "False",
  "DFStringAltHttpPointsReporterUrl": "null",
  "DFStringLightstepHTTPTransportUrlPath": "null",
  "DFIntRenderingThrottleDelayInMS": "1",
  "DFIntRunningBaseOrientationP": "115",
  "FFlagHandleAltEnterFullscreenManually": "False",
  "DFFlagDebugRenderForceTechnologyVoxel": "True",
  "DFFlagBaseNetworkMetrics": "False",
  "FFlagDisablePostFx": "True",
  "FIntTerrainArraySliceSize": "0",
  "FIntDebugForceMSAASamples": "1"
}